Item Title,Publication Title,Book Series Title,Journal Volume,Journal Issue,Item DOI,Authors,Publication Year,URL,Content Type
An Innovative Blockchain-Based Orchestrator for Osmotic Computing,Journal of Grid Computing,,20,1,10.1007/s10723-021-09579-7,Armando RuggeriAntonio CelestiMaria FazioMassimo Villari,2021,http://link.springer.com/article/10.1007/s10723-021-09579-7,Article
A Map-Reduce Approach for the Dijkstra Algorithm in SDN Over Osmotic Computing Systems,International Journal of Parallel Programming,,49,3,10.1007/s10766-021-00693-3,Maria FazioAlina BuzachisAntonino GallettaAntonio CelestiJiafu WanAntonella LongoMassimo Villari,2021,http://link.springer.com/article/10.1007/s10766-021-00693-3,Article
An efficient task mapping algorithm for osmotic computing-based ecosystem,International Journal of Information Technology,,13,4,10.1007/s41870-021-00715-w,Benazir NehaSanjaya Kumar PandaPradip Kumar Sahu,2021,http://link.springer.com/article/10.1007/s41870-021-00715-w,Article
Colony: Parallel Functions as a Service on the Cloud-Edge Continuum,Euro-Par 2021: Parallel Processing,,,,10.1007/978-3-030-85665-6_17,Francesc LordanDaniele LezziRosa M. Badia,2021,http://link.springer.com/chapter/10.1007/978-3-030-85665-6_17,Chapter
Artificial Intelligence  Applications  and Innovations. AIAI 2023 IFIP WG 12.5 International Workshops,IFIP Advances in Information and Communication Technology,,,,10.1007/978-3-031-34171-7,Ilias MaglogiannisLazaros IliadisAntonios PapaleonidasIoannis Chochliouros,2023,http://link.springer.com/book/10.1007/978-3-031-34171-7,Book
Service-Oriented and Cloud Computing,Lecture Notes in Computer Science,,,,10.1007/978-3-031-46235-1,George A. PapadopoulosFlorian RademacherJacopo Soldani,2023,http://link.springer.com/book/10.1007/978-3-031-46235-1,Book
Beyond Edge Computing,,,,,10.1007/978-3-031-23344-9,Ana Juan Ferrer,2023,http://link.springer.com/book/10.1007/978-3-031-23344-9,Book
Robust-PAC time-critical workflow offloading in edge-to-cloud continuum among heterogeneous resources,Journal of Cloud Computing,,12,1,10.1186/s13677-023-00434-6,Hongyun LiuRuyue XinPeng ChenHui GaoPaola GrossoZhiming Zhao,2023,http://link.springer.com/article/10.1186/s13677-023-00434-6,Article
Euro-Par 2021: Parallel Processing,Lecture Notes in Computer Science,,,,10.1007/978-3-030-85665-6,Prof. Leonel SousaNuno RomaProf. Pedro Tomás,2021,http://link.springer.com/book/10.1007/978-3-030-85665-6,Book
Towards 6G-Enabled Edge-Cloud Continuum Computing – Initial Assessment,Advanced Communication and Intelligent Systems,,,,10.1007/978-3-031-25088-0_1,Jaydip KumarJitendra K SamriyaMarek BolanowskiAndrzej PaszkiewiczWiesław PawłowskiMaria GanzhaKatarzyna Wasielewska-MichniewskaBartłomiej Solarz-NiesłuchowskiMarcin PaprzyckiIgnacio Lacalle ÚbedaCarlos E. Palau,2023,http://link.springer.com/chapter/10.1007/978-3-031-25088-0_1,Chapter
LiquidAI: Towards an Isomorphic AI/ML System Architecture for the Cloud-Edge Continuum,Web Engineering,,,,10.1007/978-3-031-34444-2_5,Kari SystäCesare PautassoAntero TaivalsaariTommi Mikkonen,2023,http://link.springer.com/chapter/10.1007/978-3-031-34444-2_5,Chapter
Serverless Workflows for Containerised Applications in the Cloud Continuum,Journal of Grid Computing,,19,3,10.1007/s10723-021-09570-2,Sebastián RiscoGermán MoltóDiana M. NaranjoIgnacio Blanquer,2021,http://link.springer.com/article/10.1007/s10723-021-09570-2,Article
A Taxonomy for Workload Deployment Orchestration in the Edge-Cloud Continuum,Service-Oriented and Cloud Computing,,,,10.1007/978-3-031-46235-1_16,Toon AlbersMattia FogliEdwin HarmsmaElena LazovikHarrie Bastiaansen,2023,http://link.springer.com/chapter/10.1007/978-3-031-46235-1_16,Chapter
Towards Semantic Modelling of the Edge-Cloud Continuum,"Highlights in Practical Applications of Agents, Multi-Agent Systems, and Complex Systems Simulation. The PAAMS Collection",,,,10.1007/978-3-031-18697-4_6,Iván BernabéAlberto FernándezHolger BillhardtSascha Ossowski,2022,http://link.springer.com/chapter/10.1007/978-3-031-18697-4_6,Chapter
Understanding the challenges and novel architectural models of multi-cloud native applications – a systematic literature review,Journal of Cloud Computing,,12,1,10.1186/s13677-022-00367-6,Juncal AlonsoLeire Orue-EchevarriaValentina CasolaAna Isabel TorreMaider HuarteEneko OsabaJesus L. Lobo,2023,http://link.springer.com/article/10.1186/s13677-022-00367-6,Article
Dynamic scheduling of heterogeneous resources across mobile edge-cloud continuum using fruit fly-based simulated annealing optimization scheme,Neural Computing and Applications,,34,16,10.1007/s00521-022-07260-y,Danlami GabiNasiru Muhammad DankoloAbubakar Atiku MuslimAjith AbrahamMuhammad Usman JodaAnazida ZainalZalmiyah Zakaria,2022,http://link.springer.com/article/10.1007/s00521-022-07260-y,Article
"OASEES: An Innovative Scope for a DAO-Based Programmable Swarm Solution, for Decentralizing AI Applications Close to Data Generation Locations",Artificial Intelligence  Applications  and Innovations. AIAI 2023 IFIP WG 12.5 International Workshops,,,,10.1007/978-3-031-34171-7_7,Ioannis P. ChochliourosMichail -Alexandros KourtisGeorge XilourisWouter TavernierEnrique Areizaga SanchezMargarita AnastassovaChristian BolzmacherNikolay TcholtchevAntonello CorsiPanagiotis TrakadasMarta MilletChristos XenakisAdnan ImeriFrancesco BellesiniParide D’OstilioAlbertos Markakis,2023,http://link.springer.com/chapter/10.1007/978-3-031-34171-7_7,Chapter
Model-based fleet deployment in the IoT–edge–cloud continuum,Software and Systems Modeling,,21,5,10.1007/s10270-022-01006-z,Hui SongRustem DautovNicolas FerryArnor SolbergFranck Fleurey,2022,http://link.springer.com/article/10.1007/s10270-022-01006-z,Article
Applications of MLOps in the Cognitive Cloud Continuum,Product-Focused Software Process Improvement,,,,10.1007/978-3-031-21388-5_51,Sergio Moreschini,2022,http://link.springer.com/chapter/10.1007/978-3-031-21388-5_51,Chapter
Enabling Distributed and Hybrid Digital Twins in the Industry5.0 Cloud Continuum,Software Engineering and Formal Methods. SEFM 2021 Collocated Workshops,,,,10.1007/978-3-031-12429-7_10,Paolo Bellavista,2022,http://link.springer.com/chapter/10.1007/978-3-031-12429-7_10,Chapter
Towards a Decentralised Federated Learning Based Compute Continuum Framework,Service-Oriented and Cloud Computing,,,,10.1007/978-3-031-46235-1_14,Mohamad MoussaPhilippe GlassNabil AbdennahderGiovanna Di Marzo SerugendoRaphaël Couturier,2023,http://link.springer.com/chapter/10.1007/978-3-031-46235-1_14,Chapter
MiCADO-Edge: Towards an Application-level Orchestrator for the Cloud-to-Edge Computing Continuum,Journal of Grid Computing,,19,4,10.1007/s10723-021-09589-5,Amjad UllahHuseyin DagdevirenResmi C. AriyattuJames DesLauriersTamas KissJames Bowden,2021,http://link.springer.com/article/10.1007/s10723-021-09589-5,Article
Adaptive Data-Driven Routing for Edge-to-Cloud Continuum: A Content-Based Publish/Subscribe Approach,Internet of Things,,,,10.1007/978-3-031-20936-9_3,Ivan ČilićIvana Podnar Žarko,2022,http://link.springer.com/chapter/10.1007/978-3-031-20936-9_3,Chapter
Towards Characterization of Edge-Cloud Continuum,Software Architecture. ECSA 2022 Tracks and Workshops,,,,10.1007/978-3-031-36889-9_16,Danylo KhalyeyevTomas BurešPetr Hnětynka,2023,http://link.springer.com/chapter/10.1007/978-3-031-36889-9_16,Chapter
Intent-Based AI-Enhanced Service Orchestration for Application Deployment and Execution in the Cloud Continuum,Service-Oriented and Cloud Computing,,,,10.1007/978-3-031-46235-1_17,Efthymios ChondrogiannisEfstathios KaranastasisVassiliki AndronikouAdrian SpătaruAnastassios NanosAristotelis KretsisPanagiotis Kokkinos,2023,http://link.springer.com/chapter/10.1007/978-3-031-46235-1_17,Chapter
The Cloud Continuum for Military Deployable Networks: Challenges and Opportunities,Computer Security. ESORICS 2022 International Workshops,,,,10.1007/978-3-031-25460-4_29,Elisa RojasDiego Lopez-PajaresJoaquin Alvarez-HorcajoSalvador Llopis Sánchez,2023,http://link.springer.com/chapter/10.1007/978-3-031-25460-4_29,Chapter
Towards Seamless IoT Device-Edge-Cloud Continuum:,ICWE 2021 Workshops,,,,10.1007/978-3-030-92231-3_8,Antero TaivalsaariTommi MikkonenCesare Pautasso,2022,http://link.springer.com/chapter/10.1007/978-3-030-92231-3_8,Chapter
Availability model for edge-fog-cloud continuum: an evaluation of an end-to-end infrastructure of intelligent traffic management service,The Journal of Supercomputing,,78,3,10.1007/s11227-021-04033-7,Paulo PereiraCarlos MeloJean AraujoJamilson DantasVinícius SantosPaulo Maciel,2022,http://link.springer.com/article/10.1007/s11227-021-04033-7,Article
Cloud-Network Slicing MANO Towards an Efficient IoT-Cloud Continuum,Journal of Grid Computing,,19,4,10.1007/s10723-021-09588-6,Douglas B. MacielEmidio P. NetoKevin B. CostaMathews P. LimaVitor G. LopesAugusto V. NetoFelipe S. Dantas SilvaSilvio C. Sampaio,2021,http://link.springer.com/article/10.1007/s10723-021-09588-6,Article
Cloud Computing Continuum Research Topics and Challenges. A Multi-source Analysis,Advances in Service-Oriented and Cloud Computing,,,,10.1007/978-3-031-23298-5_7,Juncal AlonsoLeire Orue-EchevarriaEnrique Areizaga,2022,http://link.springer.com/chapter/10.1007/978-3-031-23298-5_7,Chapter
Advanced Information Systems Engineering Workshops,Lecture Notes in Business Information Processing,,,,10.1007/978-3-030-79022-6,Dr. Artem PolyvyanyyStefanie Rinderle-Ma,2021,http://link.springer.com/book/10.1007/978-3-030-79022-6,Book
Advanced Communication and Intelligent Systems,Communications in Computer and Information Science,,,,10.1007/978-3-031-25088-0,Rabindra Nath ShawMarcin PaprzyckiAnkush Ghosh,2023,http://link.springer.com/book/10.1007/978-3-031-25088-0,Book
Web Engineering,Lecture Notes in Computer Science,,,,10.1007/978-3-031-34444-2,Irene GarrigósJuan Manuel Murillo RodríguezManuel Wimmer,2023,http://link.springer.com/book/10.1007/978-3-031-34444-2,Book
Software Architecture. ECSA 2022 Tracks and Workshops,Lecture Notes in Computer Science,,,,10.1007/978-3-031-36889-9,Thais BatistaTomáš BurešClaudia RaibuletHenry Muccini,2023,http://link.springer.com/book/10.1007/978-3-031-36889-9,Book
Technologies and Applications for Big Data Value,,,,,10.1007/978-3-030-78307-5,Dr. Edward CurryProf. Dr. Sören AuerDr. Arne J. BerreDr. Andreas MetzgerProf. Maria S. PerezProf. Sonja Zillner,2022,http://link.springer.com/book/10.1007/978-3-030-78307-5,Book
ICWE 2021 Workshops,Communications in Computer and Information Science,,,,10.1007/978-3-030-92231-3,Maxim BakaevProf. In-Young KoMichael MrissaProf. Cesare PautassoAbhishek Srivastava,2022,http://link.springer.com/book/10.1007/978-3-030-92231-3,Book
Service-Oriented Computing,Lecture Notes in Computer Science,,,,10.1007/978-3-031-20984-0,Javier TroyaBrahim MedjahedMario PiattiniLina YaoPablo FernándezAntonio Ruiz-Cortés,2022,http://link.springer.com/book/10.1007/978-3-031-20984-0,Book
Estimating the Energy Consumption of Applications in the Computing Continuum with iFogSim,High Performance Computing,,,,10.1007/978-3-031-40843-4_18,Saeedeh BaneshiAna-Lucia VarbanescuAnuj PathaniaBenny AkessonAndy Pimentel,2023,http://link.springer.com/chapter/10.1007/978-3-031-40843-4_18,Chapter
Declarative Osmotic Application Placement,Advanced Information Systems Engineering Workshops,,,,10.1007/978-3-030-79022-6_15,Stefano FortiAntonio Brogi,2021,http://link.springer.com/chapter/10.1007/978-3-030-79022-6_15,Chapter
Euro-Par 2023: Parallel Processing,Lecture Notes in Computer Science,,,,10.1007/978-3-031-39698-4,José CanoMarios D. DikaiakosGeorge A. PapadopoulosMiquel PericàsRizos Sakellariou,2023,http://link.springer.com/book/10.1007/978-3-031-39698-4,Book
An Elastic Software Architecture for Extreme-Scale Big Data Analytics,Technologies and Applications for Big Data Value,,,,10.1007/978-3-030-78307-5_5,Maria A. SerranoCésar A. MarínAnna QueraltCristovao CordeiroMarco GonzalezLuis Miguel PinhoEduardo Quiñones,2022,http://link.springer.com/chapter/10.1007/978-3-030-78307-5_5,Chapter
FogProtect: Protecting Sensitive Data in the Computing Continuum,Advances in Service-Oriented and Cloud Computing,,,,10.1007/978-3-030-71906-7_17,Dhouha AyedEva JahoClemens LachnerZoltán Ádám MannRobert SeidlMike Surridge,2021,http://link.springer.com/chapter/10.1007/978-3-030-71906-7_17,Chapter
Service-Oriented Computing,Lecture Notes in Computer Science,,,,10.1007/978-3-031-48424-7,Flavia MontiStefanie Rinderle-MaAntonio Ruiz CortésZibin ZhengMassimo Mecella,2023,http://link.springer.com/book/10.1007/978-3-031-48424-7,Book
Distributed Applications and Interoperable Systems,Lecture Notes in Computer Science,,,,10.1007/978-3-030-78198-9,Miguel MatosFabíola Greve,2021,http://link.springer.com/book/10.1007/978-3-030-78198-9,Book
High Performance Computing,Lecture Notes in Computer Science,,,,10.1007/978-3-031-40843-4,Amanda BienzMichèle WeilandMarc BaboulinCarola Kruse,2023,http://link.springer.com/book/10.1007/978-3-031-40843-4,Book
Mobile Web and Intelligent Information Systems,Lecture Notes in Computer Science,,,,10.1007/978-3-031-39764-6,Muhammad YounasIrfan AwanTor-Morten Grønli,2023,http://link.springer.com/book/10.1007/978-3-031-39764-6,Book
Internet of Things,Lecture Notes in Computer Science,,,,10.1007/978-3-031-20936-9,Aurora González-VidalAhmed Mohamed AbdelgawadEssaid SabirSébastien ZieglerLatif Ladid,2022,http://link.springer.com/book/10.1007/978-3-031-20936-9,Book
Research Challenges in Information Science: Information Science and the Connected World,Lecture Notes in Business Information Processing,,,,10.1007/978-3-031-33080-3,Selmin NurcanAndreas L. OpdahlHaralambos MouratidisAggeliki Tsohou,2023,http://link.springer.com/book/10.1007/978-3-031-33080-3,Book
"Highlights in Practical Applications of Agents, Multi-Agent Systems, and Complex Systems Simulation. The PAAMS Collection",Communications in Computer and Information Science,,,,10.1007/978-3-031-18697-4,Alfonso González-BrionesAna AlmeidaAlberto FernandezAlia El BolockDalila DurãesJaume JordánFernando Lopes,2022,http://link.springer.com/book/10.1007/978-3-031-18697-4,Book
HW/SW Acceleration of Multiple Workloads Within the SERRANO’s Computing Continuum,"Embedded Computer Systems: Architectures, Modeling, and Simulation",,,,10.1007/978-3-031-15074-6_25,Argyris KokkinisAggelos FerikoglouIoannis OroutzoglouDimitrios DanopoulosDimosthenis MasourosKostas Siozios,2022,http://link.springer.com/chapter/10.1007/978-3-031-15074-6_25,Chapter
Computer Security. ESORICS 2022 International Workshops,Lecture Notes in Computer Science,,,,10.1007/978-3-031-25460-4,Sokratis KatsikasFrédéric CuppensChristos KalloniatisJohn MylopoulosFrank PallasJörg PohleM. Angela SasseHabtamu AbieSilvio RaniseLuca VerderameEnrico CambiasoJorge Maestre VidalMarco Antonio Sotelo MongeMassimiliano AlbaneseBasel KattSandeep PirbhulalAnkur Shukla,2023,http://link.springer.com/book/10.1007/978-3-031-25460-4,Book
Product-Focused Software Process Improvement,Lecture Notes in Computer Science,,,,10.1007/978-3-031-21388-5,Davide TaibiMarco KuhrmannTommi MikkonenJil KlünderPekka Abrahamsson,2022,http://link.springer.com/book/10.1007/978-3-031-21388-5,Book
Distributed Applications and Interoperable Systems,Lecture Notes in Computer Science,,,,10.1007/978-3-031-35260-7,Marta Patiño-MartínezJoão Paulo,2023,http://link.springer.com/book/10.1007/978-3-031-35260-7,Book
A Survey on the Use of Lightweight Virtualization in I4.0 Manufacturing Environments,Journal of Network and Systems Management,,31,2,10.1007/s10922-023-09725-4,Giuseppe Di ModicaLuca Foschini,2023,http://link.springer.com/article/10.1007/s10922-023-09725-4,Article
Towards Liquid AI in IoT with WebAssembly: A Prototype Implementation,Mobile Web and Intelligent Information Systems,,,,10.1007/978-3-031-39764-6_9,Pyry KotilainenVille HeikkiläKari SystäTommi Mikkonen,2023,http://link.springer.com/chapter/10.1007/978-3-031-39764-6_9,Chapter
"Task scheduling in the internet of things: challenges, solutions, and future trends",Cluster Computing,,,,10.1007/s10586-023-03991-2,Tianqi BuZanyu HuangKairui ZhangYang WangHaobin SongJietong ZhouZhangjun RenSen Liu,2023,http://link.springer.com/article/10.1007/s10586-023-03991-2,Article
Osmotic Flow Deployment Leveraging FaaS Capabilities,Internet and Distributed Computing Systems,,,,10.1007/978-3-030-34914-1_37,Alina BuzachisMaria FazioAntonio CelestiMassimo Villari,2019,http://link.springer.com/chapter/10.1007/978-3-030-34914-1_37,Chapter
The Evolution of Pervasive Information Systems,,,,,10.1007/978-3-031-18176-4,Manuele Kirsch PinheiroCarine SouveyetPhilippe RooseLuiz Angelo Steffenel,2023,http://link.springer.com/book/10.1007/978-3-031-18176-4,Book
Advances in Service-Oriented and Cloud Computing,Communications in Computer and Information Science,,,,10.1007/978-3-031-23298-5,Christian ZirpinsGuadalupe OrtizZoltan NochtaOliver WaldhorstJacopo SoldaniMassimo VillariDamian Tamburri,2022,http://link.springer.com/book/10.1007/978-3-031-23298-5,Book
Software Engineering and Formal Methods. SEFM 2021 Collocated Workshops,Lecture Notes in Computer Science,,,,10.1007/978-3-031-12429-7,Antonio CeroneMarco AutiliAlessio BucaioniCláudio GomesPierluigi GrazianiMaurizio PalmieriMarco TemperiniGentiane Venture,2022,http://link.springer.com/book/10.1007/978-3-031-12429-7,Book
Algorithms for a Smart Construction Environment,Algorithmic Aspects of Cloud Computing,,,,10.1007/978-3-030-58628-7_1,Petar KochovskiVlado Stankovski,2020,http://link.springer.com/chapter/10.1007/978-3-030-58628-7_1,Chapter
Runtime Load-Shifting of Distributed Controllers Across Networked Devices,Distributed Applications and Interoperable Systems,,,,10.1007/978-3-031-35260-7_6,Angelo FilasetaDanilo Pianini,2023,http://link.springer.com/chapter/10.1007/978-3-031-35260-7_6,Chapter
"6G-BRICKS: Developing a Modern Experimentation Facility for Validation, Testing and Showcasing of 6G Breakthrough Technologies and Devices",Artificial Intelligence  Applications  and Innovations. AIAI 2023 IFIP WG 12.5 International Workshops,,,,10.1007/978-3-031-34171-7_1,Ioannis P. ChochliourosJohn VardakasKostas RamantasSofie PollinSylvie MayrargueAdlen KsentiniWalter NitzoldMd Arifur RahmanJimmy O’MearaAshima ChawlaDimitrios KritharidisVasileios TheodorouShuaib SiddiquiFrancisco IbañezGeorgios GardikisDimitris Diagourtas,2023,http://link.springer.com/chapter/10.1007/978-3-031-34171-7_1,Chapter
Computing Beyond Edge: The Swarm Computing Concept,Beyond Edge Computing,,,,10.1007/978-3-031-23344-9_8,Ana Juan Ferrer,2023,http://link.springer.com/chapter/10.1007/978-3-031-23344-9_8,Chapter
Multimedia Cloud Computing Systems,,,,,10.1007/978-3-030-88451-2,Dr. Mohsen Amini SalehiDr. Xiangbo Li,2021,http://link.springer.com/book/10.1007/978-3-030-88451-2,Book
Handbook of Dynamic Data Driven Applications Systems,,,,,10.1007/978-3-031-27986-7,Frederica DaremaErik P. BlaschSai RavelaAlex J. Aved,2023,http://link.springer.com/book/10.1007/978-3-031-27986-7,Book
Service-Oriented Computing – ICSOC 2022 Workshops,Lecture Notes in Computer Science,,,,10.1007/978-3-031-26507-5,Javier TroyaRaffaela MirandolaElena NavarroAndrea DelgadoSergio SeguraGuadalupe OrtizCesare PautassoChristian ZirpinsPablo FernándezAntonio Ruiz-Cortés,2023,http://link.springer.com/book/10.1007/978-3-031-26507-5,Book
Analysis of Mobile Communication Network Architecture Based on SDN,Journal of Grid Computing,,20,3,10.1007/s10723-022-09617-y,Kai ZhangXiaohu ZhaoYou PengKuncheng YanPengyan Sun,2022,http://link.springer.com/article/10.1007/s10723-022-09617-y,Article
Distributed Computing Continuum Systems – Opportunities and Research Challenges,Service-Oriented Computing – ICSOC 2022 Workshops,,,,10.1007/978-3-031-26507-5_41,Victor Casamayor PujolPraveen Kumar DontaAndrea MorichettaIlir MurturiSchahram Dustdar,2023,http://link.springer.com/chapter/10.1007/978-3-031-26507-5_41,Chapter
Service-Oriented Computing,Communications in Computer and Information Science,,,,10.1007/978-3-031-18304-1,Johanna BarzenFrank LeymannSchahram Dustdar,2022,http://link.springer.com/book/10.1007/978-3-031-18304-1,Book
"Embedded Computer Systems: Architectures, Modeling, and Simulation",Lecture Notes in Computer Science,,,,10.1007/978-3-031-46077-7,Cristina SilvanoChristian PilatoMarc Reichenbach,2023,http://link.springer.com/book/10.1007/978-3-031-46077-7,Book
Secure FaaS orchestration in the fog: how far are we?,Computing,,103,5,10.1007/s00607-021-00924-y,Alessandro BocciStefano FortiGian-Luigi FerrariAntonio Brogi,2021,http://link.springer.com/article/10.1007/s00607-021-00924-y,Article
Distributed Computing Continuum Systems,Edge Intelligence,,,,10.1007/978-3-031-22155-2_1,Javid TaheriSchahram DustdarAlbert ZomayaShuiguang Deng,2023,http://link.springer.com/chapter/10.1007/978-3-031-22155-2_1,Chapter
In Support of Push-Based Streaming for the Computing Continuum,Intelligent Information and Database Systems,,,,10.1007/978-981-99-5837-5_28,Ovidiu-Cristian MarcuPascal Bouvry,2023,http://link.springer.com/chapter/10.1007/978-981-99-5837-5_28,Chapter
Task Offloading in Computing Continuum Using Collaborative Reinforcement Learning,Internet of Things,,,,10.1007/978-3-031-20936-9_7,Alberto Robles-EncisoAntonio F. Skarmeta,2022,http://link.springer.com/chapter/10.1007/978-3-031-20936-9_7,Chapter
Monte Carlo Approach to the Computational Capacities Analysis of the Computing Continuum,Computational Science – ICCS 2021,,,,10.1007/978-3-030-77961-0_62,Vladislav KashanskyGleb RadchenkoRadu Prodan,2021,http://link.springer.com/chapter/10.1007/978-3-030-77961-0_62,Chapter
Leveraging HW Approximation for Exploiting Performance-Energy Trade-offs Within the Edge-Cloud Computing Continuum,High Performance Computing,,,,10.1007/978-3-030-90539-2_27,Argyris KokkinisAggelos FerikoglouDimitrios DanopoulosDimosthenis MasourosKostas Siozios,2021,http://link.springer.com/chapter/10.1007/978-3-030-90539-2_27,Chapter
MESDD: A Distributed Geofence-Based Discovery Method for the Computing Continuum,Euro-Par 2023: Parallel Processing,,,,10.1007/978-3-031-39698-4_9,Kurt HorvathDragi KimovskiChristoph UranHelmut WöllikRadu Prodan,2023,http://link.springer.com/chapter/10.1007/978-3-031-39698-4_9,Chapter
Smart Contracts for Service-Level Agreements in Edge-to-Cloud Computing,Journal of Grid Computing,,18,4,10.1007/s10723-020-09534-y,Petar KochovskiVlado StankovskiSandi GecFrancescomaria FaticantiMarco SaviDomenico SiracusaSeungwoo Kum,2020,http://link.springer.com/article/10.1007/s10723-020-09534-y,Article
Editorial,International Journal of Information Technology,,13,4,10.1007/s41870-021-00728-5,M. N. Hoda,2021,http://link.springer.com/article/10.1007/s41870-021-00728-5,Article
Edge computing,Computing,,104,12,10.1007/s00607-022-01104-2,Jorge PérezJessica DíazJavier BerrocalRamón López-VianaÁngel González-Prieto,2022,http://link.springer.com/article/10.1007/s00607-022-01104-2,Article
"Embedded Computer Systems: Architectures, Modeling, and Simulation",Lecture Notes in Computer Science,,,,10.1007/978-3-031-15074-6,Alex OrailogluMarc ReichenbachMatthias Jung,2022,http://link.springer.com/book/10.1007/978-3-031-15074-6,Book
"Setting the Scene: Cloud, Edge, Mobile and Ad-hoc Computing Context",Beyond Edge Computing,,,,10.1007/978-3-031-23344-9_2,Ana Juan Ferrer,2023,http://link.springer.com/chapter/10.1007/978-3-031-23344-9_2,Chapter
Research in Computer Science and Its Applications,"Lecture Notes of the Institute for Computer Sciences, Social Informatics and Telecommunications Engineering",,,,10.1007/978-3-030-90556-9,Youssou FayeAssane GueyeBamba GueyeDame DiongueEl Hadji Mamadou NguerMandicou Ba,2021,http://link.springer.com/book/10.1007/978-3-030-90556-9,Book
Context-Aware Service Delegation for Opportunistic Pervasive Computing,Service-Oriented Computing,,,,10.1007/978-3-031-48424-7_12,Juan Luis HerreraHsiao-Yuan ChenJavier BerrocalJuan M. MurilloChristine Julien,2023,http://link.springer.com/chapter/10.1007/978-3-031-48424-7_12,Chapter
Putting Intelligence into Things: An Overview of Current Architectures,Artificial Intelligence  Applications  and Innovations. AIAI 2023 IFIP WG 12.5 International Workshops,,,,10.1007/978-3-031-34171-7_8,Maria BelesiotiIoannis P. ChochliourosPanagiotis DimasManolis SofianopoulosTheodore ZahariadisCharalabos SkianisEnric Pages Montanera,2023,http://link.springer.com/chapter/10.1007/978-3-031-34171-7_8,Chapter
A conceptual architecture for simulating blockchain-based IoT ecosystems,Journal of Cloud Computing,,12,1,10.1186/s13677-023-00481-z,Adel AlbshriAli AlzubaidiMaher AlharbyBakri AwajiKaran MitraEllis Solaiman,2023,http://link.springer.com/article/10.1186/s13677-023-00481-z,Article
Artificial Intelligence for Cloud and Edge Computing,Internet of Things,,,,10.1007/978-3-030-80821-1,Prof. Sanjay MisraProf. Amit Kumar TyagiProf. Vincenzo PiuriLalit Garg,2022,http://link.springer.com/book/10.1007/978-3-030-80821-1,Book
Predictive Management of Fog Applications,Advances in Service-Oriented and Cloud Computing,,,,10.1007/978-3-030-63161-1_11,Stefano Forti,2020,http://link.springer.com/chapter/10.1007/978-3-030-63161-1_11,Chapter
Practical Aspects of Declarative Languages,Lecture Notes in Computer Science,,,,10.1007/978-3-030-94479-7,Prof. James CheneySimona Perri,2022,http://link.springer.com/book/10.1007/978-3-030-94479-7,Book
"Optimising QoS-Assurance, Resource Usage and Cost of Fog Application Deployments",Cloud Computing and Services Science,,,,10.1007/978-3-030-29193-8_9,Antonio BrogiStefano FortiAhmad Ibrahim,2019,http://link.springer.com/chapter/10.1007/978-3-030-29193-8_9,Chapter
Extending the Kubernetes Platform with Network-Aware Scheduling Capabilities,Service-Oriented Computing,,,,10.1007/978-3-031-20984-0_33,Angelo MarcheseOrazio Tomarchio,2022,http://link.springer.com/chapter/10.1007/978-3-031-20984-0_33,Chapter
Governance and sustainability of distributed continuum systems: a big data approach,Journal of Big Data,,10,1,10.1186/s40537-023-00737-0,Praveen Kumar DontaBoris SedlakVictor Casamayor PujolSchahram Dustdar,2023,http://link.springer.com/article/10.1186/s40537-023-00737-0,Article
Edge Intelligence,,,,,10.1007/978-3-031-22155-2,Javid TaheriSchahram DustdarAlbert ZomayaShuiguang Deng,2023,http://link.springer.com/book/10.1007/978-3-031-22155-2,Book
"Embedded Computer Systems: Architectures, Modeling, and Simulation",Lecture Notes in Computer Science,,,,10.1007/978-3-031-04580-6,Alex OrailogluMatthias JungMarc Reichenbach,2022,http://link.springer.com/book/10.1007/978-3-031-04580-6,Book
Towards IoT Processes on the Edge,Next-Gen Digital Services. A Retrospective and Roadmap for Service Computing of the Future,,,,10.1007/978-3-030-73203-5_13,Schahram DustdarIlir Murturi,2021,http://link.springer.com/chapter/10.1007/978-3-030-73203-5_13,Chapter
Multimedia Cloud: Designing a Special-Purpose Cloud Platform for Interactive Multimedia Streaming,Multimedia Cloud Computing Systems,,,,10.1007/978-3-030-88451-2_3,Mohsen Amini SalehiXiangbo Li,2021,http://link.springer.com/chapter/10.1007/978-3-030-88451-2_3,Chapter
Declarative Application Management in the Fog,Journal of Grid Computing,,19,4,10.1007/s10723-021-09582-y,Antonio BrogiStefano FortiCarlos GuerreroIsaac Lera,2021,http://link.springer.com/article/10.1007/s10723-021-09582-y,Article
Meta-heuristic Based Hybrid Service Placement Strategies for Two-Level Fog Computing Architecture,Journal of Network and Systems Management,,30,3,10.1007/s10922-022-09660-w,B. V. NateshaRam Mohana Reddy Guddeti,2022,http://link.springer.com/article/10.1007/s10922-022-09660-w,Article
Green Application Placement in the Cloud-IoT Continuum,Practical Aspects of Declarative Languages,,,,10.1007/978-3-030-94479-7_14,Stefano FortiAntonio Brogi,2022,http://link.springer.com/chapter/10.1007/978-3-030-94479-7_14,Chapter
Data-Aware Service Placement in the Cloud-IoT Continuum,Service-Oriented Computing,,,,10.1007/978-3-031-18304-1_8,Jacopo MassaStefano FortiAntonio Brogi,2022,http://link.springer.com/chapter/10.1007/978-3-031-18304-1_8,Chapter
Towards Efficient HW Acceleration in Edge-Cloud Infrastructures: The SERRANO Approach,"Embedded Computer Systems: Architectures, Modeling, and Simulation",,,,10.1007/978-3-031-04580-6_24,Aggelos FerikoglouIoannis OroutzoglouArgyris KokkinisDimitrios DanopoulosDimosthenis MasourosEfthymios ChondrogiannisAitor Fernández GómezAristotelis KretsisPanagiotis KokkinosEmmanouel VarvarigosKostas Siozios,2022,http://link.springer.com/chapter/10.1007/978-3-031-04580-6_24,Chapter
"Leveraging Applications of Formal Methods, Verification and Validation. Adaptation and Learning",Lecture Notes in Computer Science,,,,10.1007/978-3-031-19759-8,Tiziana MargariaBernhard Steffen,2022,http://link.springer.com/book/10.1007/978-3-031-19759-8,Book
"Economics of Grids, Clouds, Systems, and Services",Lecture Notes in Computer Science,,,,10.1007/978-3-030-92916-9,Dr. Konstantinos TserpesJörn AltmannJosé Ángel BañaresOrna Agmon Ben-YehudaProf. Karim DjemameProf. Vlado StankovskiDr. Bruno Tuffin,2021,http://link.springer.com/book/10.1007/978-3-030-92916-9,Book
Distributed Big Data Analytics in a Smart City,Technologies and Applications for Big Data Value,,,,10.1007/978-3-030-78307-5_21,Maria A. SerranoErez HadadRoberto CavicchioliRut PalmeroLuca ChiantoreDanilo AmendolaEduardo Quiñones,2022,http://link.springer.com/chapter/10.1007/978-3-030-78307-5_21,Chapter
Cloud Computing and Services Science,Communications in Computer and Information Science,,,,10.1007/978-3-031-21637-4,Donald FergusonMarkus HelfertClaus Pahl,2022,http://link.springer.com/book/10.1007/978-3-031-21637-4,Book
Software Ecosystems,,,,,10.1007/978-3-031-36060-2,Tom MensCoen De RooverAnthony Cleve,2023,http://link.springer.com/book/10.1007/978-3-031-36060-2,Book
Introduction,Multimedia Cloud Computing Systems,,,,10.1007/978-3-030-88451-2_1,Mohsen Amini SalehiXiangbo Li,2021,http://link.springer.com/chapter/10.1007/978-3-030-88451-2_1,Chapter
Bringing Aggregate Programming Towards the Cloud,"Leveraging Applications of Formal Methods, Verification and Validation. Adaptation and Learning",,,,10.1007/978-3-031-19759-8_19,Giorgio AudritoFerruccio DamianiGianluca Torta,2022,http://link.springer.com/chapter/10.1007/978-3-031-19759-8_19,Chapter
High Performance Computing,Lecture Notes in Computer Science,,,,10.1007/978-3-030-90539-2,Heike JagodeHartwig AnztHatem LtaiefPiotr Luszczek,2021,http://link.springer.com/book/10.1007/978-3-030-90539-2,Book
Next Steps for Ad-hoc Edge Cloud and Swarm Computing Realization,Beyond Edge Computing,,,,10.1007/978-3-031-23344-9_12,Ana Juan Ferrer,2023,http://link.springer.com/chapter/10.1007/978-3-031-23344-9_12,Chapter
Architecturing Elastic Edge Storage Services for Data-Driven Decision Making,Software Architecture,,,,10.1007/978-3-030-29983-5_7,Ivan LujicHong-Linh Truong,2019,http://link.springer.com/chapter/10.1007/978-3-030-29983-5_7,Chapter
"Mining, Analyzing, and Evolving Data-Intensive Software Ecosystems",Software Ecosystems,,,,10.1007/978-3-031-36060-2_11,Csaba NagyMichele LanzaAnthony Cleve,2023,http://link.springer.com/chapter/10.1007/978-3-031-36060-2_11,Chapter
Computational Science – ICCS 2021,Lecture Notes in Computer Science,,,,10.1007/978-3-030-77961-0,Prof. Maciej PaszynskiProf. Dr. Dieter KranzlmüllerDr. Valeria V. KrzhizhanovskayaProf. Jack J. DongarraProf. Dr. Peter M. A. Sloot,2021,http://link.springer.com/book/10.1007/978-3-030-77961-0,Book
Fog-Enabled Smart Campus: Architecture and Challenges,Security and Privacy in New Computing Environments,,,,10.1007/978-3-030-21373-2_50,Chaogang TangShixiong XiaChong LiuXianglin WeiYu BaoWei Chen,2019,http://link.springer.com/chapter/10.1007/978-3-030-21373-2_50,Chapter
A Fog-Based IOV for Distributed Learning in Autonomous Vehicles,Mobile Networks and Management,,,,10.1007/978-3-030-94763-7_18,Pawan SubediBeichen YangXiaoyan Hong,2022,http://link.springer.com/chapter/10.1007/978-3-030-94763-7_18,Chapter
HCI International 2022 Posters,Communications in Computer and Information Science,,,,10.1007/978-3-031-06417-3,Constantine StephanidisMargherita AntonaStavroula Ntoa,2022,http://link.springer.com/book/10.1007/978-3-031-06417-3,Book
Mobile Networks and Management,"Lecture Notes of the Institute for Computer Sciences, Social Informatics and Telecommunications Engineering",,,,10.1007/978-3-030-94763-7,Carlos T. CalafateXianfu ChenYuan Wu,2022,http://link.springer.com/book/10.1007/978-3-030-94763-7,Book
Cooperative and Distributed Intelligent Computation in Fog Computing,,,,,10.1007/978-3-031-33920-2,Hoa Tran-DangDong-Seong Kim,2023,http://link.springer.com/book/10.1007/978-3-031-33920-2,Book
Service-Oriented Computing,Lecture Notes in Computer Science,,,,10.1007/978-3-031-48421-6,Flavia MontiStefanie Rinderle-MaAntonio Ruiz CortésZibin ZhengMassimo Mecella,2023,http://link.springer.com/book/10.1007/978-3-031-48421-6,Book
Serverless Data Pipelines for IoT Data Analytics: A Cloud Vendors Perspective and Solutions,"Predictive Analytics in Cloud, Fog, and Edge Computing",,,,10.1007/978-3-031-18034-7_7,Shivananda PoojaraChinmaya Kumar DehuryPelle JakovitsSatish Narayana Srirama,2023,http://link.springer.com/chapter/10.1007/978-3-031-18034-7_7,Chapter
Advances in Cybersecurity Management,,,,,10.1007/978-3-030-71381-2,Kevin DaimiDr. Cathryn Peoples,2021,http://link.springer.com/book/10.1007/978-3-030-71381-2,Book
Mobile Internet Security,Communications in Computer and Information Science,,,,10.1007/978-981-16-9576-6,Prof. Ilsun YouHwankuk KimTaek-Young YounProf. Francesco PalmieriProf. Dr. Igor Kotenko,2022,http://link.springer.com/book/10.1007/978-981-16-9576-6,Book
"Benchmarking, Measuring, and Optimizing",Lecture Notes in Computer Science,,,,10.1007/978-3-031-31180-2,Ana GainaruCe ZhangChunjie Luo,2023,http://link.springer.com/book/10.1007/978-3-031-31180-2,Book
Offloading Coalition Formation for Scheduling Scientific Workflow Ensembles in Fog Environments,Journal of Grid Computing,,19,3,10.1007/s10723-021-09574-y,Hajar SiarMohammad Izadi,2021,http://link.springer.com/article/10.1007/s10723-021-09574-y,Article
A Quality of Experience Illustrator User Interface for Cloud Provider Recommendations,HCI International 2022 Posters,,,,10.1007/978-3-031-06417-3_42,Panagiotis KokkinosDionisis MargarisDimitris Spiliotopoulos,2022,http://link.springer.com/chapter/10.1007/978-3-031-06417-3_42,Chapter
A survey on nature-inspired techniques for computation offloading and service placement in emerging edge technologies,World Wide Web,,25,5,10.1007/s11280-022-01053-y,Dinesh KumarGaurav BaranwalYamini ShankarDeo Prakash Vidyarthi,2022,http://link.springer.com/article/10.1007/s11280-022-01053-y,Article
Deployment and Operation of Complex Software in Heterogeneous Execution Environments,SpringerBriefs in Applied Sciences and Technology,,,,10.1007/978-3-031-04961-3,Prof. Elisabetta Di NittoDr. Jesús Gorroñogoitia CruzDr. Indika KumaraDr. Dragan RadolovićDr. Kamil TokmakovDr. Zoe Vasileiou,2022,http://link.springer.com/book/10.1007/978-3-031-04961-3,Book
Interactive Collaborative Robotics,Lecture Notes in Computer Science,,,,10.1007/978-3-031-43111-1,Andrey RonzhinAminagha SadigovRoman Meshcheryakov,2023,http://link.springer.com/book/10.1007/978-3-031-43111-1,Book
"Big Data Analytics in Astronomy, Science, and Engineering",Lecture Notes in Computer Science,,,,10.1007/978-3-031-28350-5,Shelly SachdevaYutaka WatanobeSubhash Bhalla,2023,http://link.springer.com/book/10.1007/978-3-031-28350-5,Book
SODALITE@RT: Orchestrating Applications on Cloud-Edge Infrastructures,Journal of Grid Computing,,19,3,10.1007/s10723-021-09572-0,Indika KumaraPaul MundtKamil TokmakovDragan RadolovićAlexander MaslennikovRomán Sosa GonzálezJorge Fernández FabeiroGiovanni QuattrocchiKalman MethElisabetta Di NittoDamian A. TamburriWillem-Jan Van Den HeuvelGeorgios Meditskos,2021,http://link.springer.com/article/10.1007/s10723-021-09572-0,Article
Near real-time optimization of fog service placement for responsive edge computing,Journal of Cloud Computing,,9,1,10.1186/s13677-020-00180-z,Tom GoethalsFilip De TurckBruno Volckaert,2020,http://link.springer.com/article/10.1186/s13677-020-00180-z,Article
Self-adaptive architectures in IoT systems: a systematic literature review,Journal of Internet Services and Applications,,12,1,10.1186/s13174-021-00145-8,Iván AlfonsoKelly GarcésHarold CastroJordi Cabot,2021,http://link.springer.com/article/10.1186/s13174-021-00145-8,Article
"Economics of Grids, Clouds, Systems, and Services",Lecture Notes in Computer Science,,,,10.1007/978-3-031-29315-3,José Ángel BañaresJörn AltmannOrna Agmon Ben-YehudaKarim DjemameVlado StankovskiBruno Tuffin,2023,http://link.springer.com/book/10.1007/978-3-031-29315-3,Book
"Leveraging Applications of Formal Methods, Verification and Validation. Practice",Lecture Notes in Computer Science,,,,10.1007/978-3-031-19762-8,Tiziana MargariaBernhard Steffen,2022,http://link.springer.com/book/10.1007/978-3-031-19762-8,Book
Computer Security. ESORICS 2021 International Workshops,Lecture Notes in Computer Science,,,,10.1007/978-3-030-95484-0,Sokratis KatsikasProf. Costas LambrinoudakisNora CuppensProf. John MylopoulosChristos KalloniatisDr. Weizhi MengSteven FurnellFrank PallasJörg PohleM. Angela SasseHabtamu AbieSilvio RaniseLuca VerderameEnrico CambiasoJorge Maestre VidalMarco Antonio Sotelo Monge,2022,http://link.springer.com/book/10.1007/978-3-030-95484-0,Book
Microservices Management on Cloud/Edge Environments,Service-Oriented Computing – ICSOC 2019 Workshops,,,,10.1007/978-3-030-45989-5_8,André CarruscaMaria Cecília GomesJoão Leitão,2020,http://link.springer.com/chapter/10.1007/978-3-030-45989-5_8,Chapter
Fluidware: An Approach Towards Adaptive and Scalable Programming of the IoT,"Models, Languages, and Tools for Concurrent and Distributed Programming",,,,10.1007/978-3-030-21485-2_22,Giancarlo FortinoBarbara ReMirko ViroliFranco Zambonelli,2019,http://link.springer.com/chapter/10.1007/978-3-030-21485-2_22,Chapter
Deep Learning-Based Facial Recognition on Hybrid Architecture for Financial Services,Artificial Intelligence for Cloud and Edge Computing,,,,10.1007/978-3-030-80821-1_3,Oscar GranadosOlmer Garcia-Bedoya,2022,http://link.springer.com/chapter/10.1007/978-3-030-80821-1_3,Chapter
Data-Aware Application Placement and Management in the Cloud-IoT Continuum,Service-Oriented Computing – ICSOC 2022 Workshops,,,,10.1007/978-3-031-26507-5_24,Jacopo Massa,2023,http://link.springer.com/chapter/10.1007/978-3-031-26507-5_24,Chapter
Knowledge-based edge computing framework based on CoAP and HTTP for enabling heterogeneous connectivity,Personal and Ubiquitous Computing,,26,2,10.1007/s00779-020-01466-4,Rongxu XuWenquan JinDo Hyeun Kim,2022,http://link.springer.com/article/10.1007/s00779-020-01466-4,Article
The New Normal: Cybersecurity and Associated Drivers for a Post-COVID-19 Cloud,Advances in Cybersecurity Management,,,,10.1007/978-3-030-71381-2_18,Douglas J. MillwardNkaepe OlaniyiCathryn Peoples,2021,http://link.springer.com/chapter/10.1007/978-3-030-71381-2_18,Chapter
Stability Under Adversarial Injection of Dependent Tasks (Extended Abstract),Networked Systems,,,,10.1007/978-3-030-67087-0_23,Vicent CholviJuan EchagüeAntonio Fernández AntaChristopher Thraves Caro,2021,http://link.springer.com/chapter/10.1007/978-3-030-67087-0_23,Chapter
A Survey on Collaborative DNN Inference for Edge Intelligence,Machine Intelligence Research,,20,3,10.1007/s11633-022-1391-7,Wei-Qing RenYu-Ben QuChao DongYu-Qian JingHao SunQi-Hui WuSong Guo,2023,http://link.springer.com/article/10.1007/s11633-022-1391-7,Article
FLEDGE: Kubernetes Compatible Container Orchestration on Low-Resource Edge Devices,Internet of Vehicles. Technologies and Services Toward Smart Cities,,,,10.1007/978-3-030-38651-1_16,Tom GoethalsFilip De TurckBruno Volckaert,2020,http://link.springer.com/chapter/10.1007/978-3-030-38651-1_16,Chapter
Mimicking FogDirector application management,SICS Software-Intensive Cyber-Physical Systems,,34,2 - 3,10.1007/s00450-019-00403-y,Stefano FortiAhmad IbrahimAntonio Brogi,2019,http://link.springer.com/article/10.1007/s00450-019-00403-y,Article
MSDBench: Understanding the Performance Impact of Isolation Domains on Microservice-Based IoT Deployments,"Benchmarking, Measuring, and Optimizing",,,,10.1007/978-3-031-31180-2_3,Sierra WangFatih BakirTyler EkairebJack PearsonChandra KrintzRich Wolski,2023,http://link.springer.com/chapter/10.1007/978-3-031-31180-2_3,Chapter
Service-Oriented Computing,Communications in Computer and Information Science,,,,10.1007/978-3-031-45728-9,Marco AielloJohanna BarzenSchahram DustdarFrank Leymann,2023,http://link.springer.com/book/10.1007/978-3-031-45728-9,Book
"Notes on ensembles of IoT, network functions and clouds for service-oriented computing and applications",Service Oriented Computing and Applications,,12,1,10.1007/s11761-018-0228-2,Hong-Linh TruongNanjangud C. NarendraKwei-Jay Lin,2018,http://link.springer.com/article/10.1007/s11761-018-0228-2,Article
Edge and Fog Computing,Beyond Edge Computing,,,,10.1007/978-3-031-23344-9_6,Ana Juan Ferrer,2023,http://link.springer.com/chapter/10.1007/978-3-031-23344-9_6,Chapter
Designing Reconfigurable Intelligent Systems with Markov Blankets,Service-Oriented Computing,,,,10.1007/978-3-031-48421-6_4,Boris SedlakVictor Casamayor PujolPraveen Kumar DontaSchahram Dustdar,2023,http://link.springer.com/chapter/10.1007/978-3-031-48421-6_4,Chapter
Applications of Multimedia Clouds,Multimedia Cloud Computing Systems,,,,10.1007/978-3-030-88451-2_4,Mohsen Amini SalehiXiangbo Li,2021,http://link.springer.com/chapter/10.1007/978-3-030-88451-2_4,Chapter
Introducing Federated Learning into Internet of Things Ecosystems – Maintaining Cooperation Between Competing Parties,"Big Data Analytics in Astronomy, Science, and Engineering",,,,10.1007/978-3-031-28350-5_5,Karolina BogackaAnastasiya DanilenkaKatarzyna Wasielewska-MichniewskaMarcin PaprzyckiMaria GanzhaEduardo GarroLambis Tassakos,2023,http://link.springer.com/chapter/10.1007/978-3-031-28350-5_5,Chapter
Streamlining XR Application Deployment with a Localized Docker Registry at the Edge,Service-Oriented and Cloud Computing,,,,10.1007/978-3-031-46235-1_12,Antonios MakrisEvangelos PsomakelisIoannis KorontanisTheodoros TheodoropoulosAntonis ProtopsaltisMaria PaterakiZbyszek LedwońChristos DiouDimosthenis AnagnostopoulosKonstantinos Tserpes,2023,http://link.springer.com/chapter/10.1007/978-3-031-46235-1_12,Chapter
Intelligent Information and Database Systems,Lecture Notes in Computer Science,,,,10.1007/978-981-99-5837-5,Ngoc Thanh NguyenSiridech BoonsangHamido FujitaBogumiła HnatkowskaTzung-Pei HongKitsuchart PasupaAli Selamat,2023,http://link.springer.com/book/10.1007/978-981-99-5837-5,Book
Enabling an Isolated and Energy-Aware Deployment of Computationally Intensive Kernels on Multi-tenant Environments,"Embedded Computer Systems: Architectures, Modeling, and Simulation",,,,10.1007/978-3-031-46077-7_27,Argyris KokkinisAnnastasios NanosKostas Siozios,2023,http://link.springer.com/chapter/10.1007/978-3-031-46077-7_27,Chapter
FaaS and Curious: Performance Implications of Serverless Functions on Edge Computing Platforms,High Performance Computing,,,,10.1007/978-3-030-90539-2_29,Achilleas TzenetopoulosEvangelos ApostolakisAphrodite TzomakaChristos PapakostopoulosKonstantinos StavrakakisManolis KatsaragakisIoannis OroutzoglouDimosthenis MasourosSotirios XydisDimitrios Soudris,2021,http://link.springer.com/chapter/10.1007/978-3-030-90539-2_29,Chapter
LSTM Acceleration with FPGA and GPU Devices for Edge Computing Applications in B5G MEC,"Embedded Computer Systems: Architectures, Modeling, and Simulation",,,,10.1007/978-3-031-15074-6_26,Dimitrios DanopoulosIoannis StamouliasGeorge LentarisDimosthenis MasourosIoannis KanaropoulosAndreas Kosmas KakolyrisDimitrios Soudris,2022,http://link.springer.com/chapter/10.1007/978-3-031-15074-6_26,Chapter
Guest editorial for the special section on MODELS 2020,Software and Systems Modeling,,21,5,10.1007/s10270-022-01044-7,Silvia AbrahãoJuan de LaraHouari SahraouiEugene Syriani,2022,http://link.springer.com/article/10.1007/s10270-022-01044-7,Article
Toward Impact Generation and Future Research,Deployment and Operation of Complex Software in Heterogeneous Execution Environments,,,,10.1007/978-3-031-04961-3_8,Joao Pita CostaElisabetta Di NittoIndika Kumara,2022,http://link.springer.com/chapter/10.1007/978-3-031-04961-3_8,Chapter
Designing Data Spaces,,,,,10.1007/978-3-030-93975-5,Prof. Dr. Boris OttoProf. Dr. Michael ten HompelProf. Dr. Stefan Wrobel,2022,http://link.springer.com/book/10.1007/978-3-030-93975-5,Book
Towards Serverless Data Exchange Within Federations,Service-Oriented Computing,,,,10.1007/978-3-031-45728-9_9,Boris SedlakVictor Casamayor PujolPraveen Kumar DontaSebastian WernerKarl WolfMatteo FalconiFrank PallasSchahram DustdarStefan TaiPierluigi Plebani,2023,http://link.springer.com/chapter/10.1007/978-3-031-45728-9_9,Chapter
Software Architecture,Lecture Notes in Computer Science,,,,10.1007/978-3-031-42592-9,Bedir TekinerdoganCatia TrubianiChouki TibermacinePatrizia ScandurraCarlos E. Cuesta,2023,http://link.springer.com/book/10.1007/978-3-031-42592-9,Book
Data and Applications Security and Privacy XXXVI,Lecture Notes in Computer Science,,,,10.1007/978-3-031-10684-2,Prof. Shamik SuralHaibing Lu,2022,http://link.springer.com/book/10.1007/978-3-031-10684-2,Book
Blockchain and Trustworthy Systems,Communications in Computer and Information Science,,,,10.1007/978-981-15-2777-7,Zibin ZhengDr. Hong-Ning DaiMingdong TangXiangping Chen,2020,http://link.springer.com/book/10.1007/978-981-15-2777-7,Book
"Mobile Wireless Middleware, Operating Systems and Applications","Lecture Notes of the Institute for Computer Sciences, Social Informatics and Telecommunications Engineering",,,,10.1007/978-3-031-34497-8,Ruidong LiMin JiaTarik Taleb,2023,http://link.springer.com/book/10.1007/978-3-031-34497-8,Book
Energy Efficient Computation Offloading in Mobile Edge Computing,Wireless Networks,,,,10.1007/978-3-031-16822-2,Ying ChenNing ZhangYuan WuSherman Shen,2022,http://link.springer.com/book/10.1007/978-3-031-16822-2,Book
Database and Expert Systems Applications,Lecture Notes in Computer Science,,,,10.1007/978-3-030-86475-0,Prof. Dr. Christine StraussProf. Dr. Gabriele KotsisA Min TjoaIsmail Khalil,2021,http://link.springer.com/book/10.1007/978-3-030-86475-0,Book
Additional Technologies for Swarm Development,Beyond Edge Computing,,,,10.1007/978-3-031-23344-9_7,Ana Juan Ferrer,2023,http://link.springer.com/chapter/10.1007/978-3-031-23344-9_7,Chapter
The Digital Playbook,,,,,10.1007/978-3-030-88221-1,Dirk SlamaTanja RückertSebastian ThrunUlrich HomannHeiner Lasi,2023,http://link.springer.com/book/10.1007/978-3-030-88221-1,Book
Using Dynamic Data Driven Cyberinfrastructure for Next Generation Disaster Intelligence,Dynamic Data Driven Applications Systems,,,,10.1007/978-3-030-61725-7_4,Ilkay Altintas,2020,http://link.springer.com/chapter/10.1007/978-3-030-61725-7_4,Chapter
"Mobile and Ubiquitous Systems: Computing, Networking and Services","Lecture Notes of the Institute for Computer Sciences, Social Informatics and Telecommunications Engineering",,,,10.1007/978-3-030-94822-1,Takahiro HaraHirozumi Yamaguchi,2022,http://link.springer.com/book/10.1007/978-3-030-94822-1,Book
Extended Reality,Lecture Notes in Computer Science,,,,10.1007/978-3-031-43401-3,Lucio Tommaso De PaolisPasquale ArpaiaMarco Sacco,2023,http://link.springer.com/book/10.1007/978-3-031-43401-3,Book
Artificial Intelligence in China,Lecture Notes in Electrical Engineering,,,,10.1007/978-981-99-1256-8,Qilian LiangWei WangJiasong MuXin LiuZhenyu Na,2023,http://link.springer.com/book/10.1007/978-981-99-1256-8,Book
"Sustainable Development through Machine Learning, AI and IoT",Communications in Computer and Information Science,,,,10.1007/978-3-031-47055-4,Pawan WhigNuno SilvaAhmed A. ElngarNagender AnejaPavika Sharma,2023,http://link.springer.com/book/10.1007/978-3-031-47055-4,Book
Cognitive Radio Oriented Wireless Networks and Wireless Internet,"Lecture Notes of the Institute for Computer Sciences, Social Informatics and Telecommunications Engineering",,,,10.1007/978-3-030-98002-3,Huilong JinChungang LiuDr. Al-Sakib Khan PathanZubair Md. FadlullahSalimur Choudhury,2022,http://link.springer.com/book/10.1007/978-3-030-98002-3,Book
Algorithmic Aspects of Cloud Computing,Lecture Notes in Computer Science,,,,10.1007/978-3-031-33437-5,Luca FoschiniSpyros Kontogiannis,2023,http://link.springer.com/book/10.1007/978-3-031-33437-5,Book
"Collaborative Computing: Networking, Applications and Worksharing","Lecture Notes of the Institute for Computer Sciences, Social Informatics and Telecommunications Engineering",,,,10.1007/978-3-031-24383-7,Honghao GaoXinheng WangWei WeiTasos Dagiuklas,2022,http://link.springer.com/book/10.1007/978-3-031-24383-7,Book
ICT Innovations 2021. Digital Transformation,Communications in Computer and Information Science,,,,10.1007/978-3-031-04206-5,Ljupcho AntovskiGoce Armenski,2022,http://link.springer.com/book/10.1007/978-3-031-04206-5,Book
Mobile Edge Computing,,,,,10.1007/978-3-030-69893-5,Dr. Anwesha MukherjeeProf. Dr. Debashis DeProf. Dr. Soumya K. GhoshProf. Dr. Rajkumar Buyya,2021,http://link.springer.com/book/10.1007/978-3-030-69893-5,Book
Social Edge Computing,,,,,10.1007/978-3-031-26936-3,Dong WangDaniel 'Yue' Zhang,2023,http://link.springer.com/book/10.1007/978-3-031-26936-3,Book
Web Information Systems Engineering – WISE 2022,Lecture Notes in Computer Science,,,,10.1007/978-3-031-20891-1,Richard ChbeirHelen HuangFabrizio SilvestriYannis ManolopoulosYanchun Zhang,2022,http://link.springer.com/book/10.1007/978-3-031-20891-1,Book
Cybersecurity in Emerging Digital Era,Communications in Computer and Information Science,,,,10.1007/978-3-030-84842-2,Dr. Rajeev AgrawalProf. Goutam SanyalProf. Kevin CurranProf. Valentina Emilia BalasMadhu Sharma Gaur,2021,http://link.springer.com/book/10.1007/978-3-030-84842-2,Book
"Big-Data-Analytics in Astronomy, Science, and Engineering",Lecture Notes in Computer Science,,,,10.1007/978-3-030-96600-3,Shelly SachdevaYutaka WatanobeProf. Subhash Bhalla,2022,http://link.springer.com/book/10.1007/978-3-030-96600-3,Book
Decision Support Systems XIII. Decision Support Systems in An Uncertain World: The Contribution of Digital Twins,Lecture Notes in Business Information Processing,,,,10.1007/978-3-031-32534-2,Shaofeng LiuPascale ZaratéDaouda KamissokoIsabelle LindenJason Papathanasiou,2023,http://link.springer.com/book/10.1007/978-3-031-32534-2,Book
"Predictive Analytics in Cloud, Fog, and Edge Computing",,,,,10.1007/978-3-031-18034-7,Hiren Kumar ThakkarChinmaya Kumar DehuryPrasan Kumar SahooBharadwaj Veeravalli,2023,http://link.springer.com/book/10.1007/978-3-031-18034-7,Book
Methods and Applications for Modeling and Simulation of Complex Systems,Communications in Computer and Information Science,,,,10.1007/978-981-19-6857-0,Byeong-Yun ChangChangbeom Choi,2022,http://link.springer.com/book/10.1007/978-981-19-6857-0,Book
Business Process Management Forum,Lecture Notes in Business Information Processing,,,,10.1007/978-3-031-41623-1,Chiara Di FrancescomarinoAndrea BurattinChristian JanieschShazia Sadiq,2023,http://link.springer.com/book/10.1007/978-3-031-41623-1,Book
The Impact of Encoding and Transport for Massive Real-time IoT Data on Edge Resource Consumption,Journal of Grid Computing,,19,3,10.1007/s10723-021-09577-9,Francesco TusaStuart Clayman,2021,http://link.springer.com/article/10.1007/s10723-021-09577-9,Article
Huawei and International Data Spaces,Designing Data Spaces,,,,10.1007/978-3-030-93975-5_27,Martin A. O’BrienDavid MohallyGötz P. BrascheAndrea G. Sanfilippo,2022,http://link.springer.com/chapter/10.1007/978-3-030-93975-5_27,Chapter
Extending reference architecture of big data systems towards machine learning in edge computing environments,Journal of Big Data,,7,1,10.1186/s40537-020-00303-y,P. PääkkönenD. Pakkala,2020,http://link.springer.com/article/10.1186/s40537-020-00303-y,Article
Mobile Governance in Indian Urban Local Bodies: An Exploratory Study,"Social Media: The Good, the Bad, and the Ugly",,,,10.1007/978-3-319-45234-0_55,Somnath MitraM. P. GuptaJaijit Bhattacharya,2016,http://link.springer.com/chapter/10.1007/978-3-319-45234-0_55,Chapter
Looking to the Future,Managing Risk and Information Security,,,,10.1007/978-1-4302-5114-9_8,Malcolm Harkins,2013,http://link.springer.com/chapter/10.1007/978-1-4302-5114-9_8,Chapter
Towards Privacy-First Security Enablers for 6G Networks: The PRIVATEER Approach,"Embedded Computer Systems: Architectures, Modeling, and Simulation",,,,10.1007/978-3-031-46077-7_25,Dimosthenis MasourosDimitrios SoudrisGeorgios GardikisVictoria KatsarouMaria ChristopoulouGeorge XilourisHugo RamónAntonio PastorFabrizio ScaglioneCristian PetrolliniAntónio PintoJoão P. VilelaAntonia KaramatskouNikolaos PapadakisAnna AngelogianniThanassis Giannetsos,2023,http://link.springer.com/chapter/10.1007/978-3-031-46077-7_25,Chapter
Redundant Virtual Machine Placement in Mobile Edge Computing,Blockchain and Trustworthy Systems,,,,10.1007/978-981-15-2777-7_30,Siyi GaoAo ZhouXican ChenQibo Sun,2020,http://link.springer.com/chapter/10.1007/978-981-15-2777-7_30,Chapter
SCORE: A Resource-Efficient Microservice Orchestration Model Based on Spectral Clustering in Edge Computing,Service-Oriented Computing,,,,10.1007/978-3-031-20984-0_13,Ning LiYusong TanXiaochuan WangBao LiJun Luo,2022,http://link.springer.com/chapter/10.1007/978-3-031-20984-0_13,Chapter
The Effect of IoT Data Completeness and Correctness on Explainable Machine Learning Models,Database and Expert Systems Applications,,,,10.1007/978-3-030-86475-0_15,Shelernaz AzimiClaus Pahl,2021,http://link.springer.com/chapter/10.1007/978-3-030-86475-0_15,Chapter
WebAssembly as an Enabler for Next Generation Serverless Computing,Journal of Grid Computing,,21,3,10.1007/s10723-023-09669-8,Vojdan KjorveziroskiSonja Filiposka,2023,http://link.springer.com/article/10.1007/s10723-023-09669-8,Article
AI Quality Engineering for Machine Learning Based IoT Data Processing,Cloud Computing and Services Science,,,,10.1007/978-3-031-21637-4_4,Shelernaz AzimiClaus Pahl,2022,http://link.springer.com/chapter/10.1007/978-3-031-21637-4_4,Chapter
Shaping IoT Systems Together: The User-System Mixed-Initiative Paradigm and Its Challenges,Software Architecture,,,,10.1007/978-3-031-42592-9_15,Romina SpalazzeseMartina De SanctisFahed AlkhabbasPaul Davidsson,2023,http://link.springer.com/chapter/10.1007/978-3-031-42592-9_15,Chapter
WebAssembly in IoT: Beyond Toy Examples,Web Engineering,,,,10.1007/978-3-031-34444-2_7,Pyry KotilainenViljami JärvinenJuho TarkkanenTeemu AuttoTeerath DasMuhammad WaseemTommi Mikkonen,2023,http://link.springer.com/chapter/10.1007/978-3-031-34444-2_7,Chapter
Data 101,The Digital Playbook,,,,10.1007/978-3-030-88221-1_3,Dirk Slama,2023,http://link.springer.com/chapter/10.1007/978-3-030-88221-1_3,Chapter
Introduction,Beyond Edge Computing,,,,10.1007/978-3-031-23344-9_1,Ana Juan Ferrer,2023,http://link.springer.com/chapter/10.1007/978-3-031-23344-9_1,Chapter
The SODALITE Runtime Environment,Deployment and Operation of Complex Software in Heterogeneous Execution Environments,,,,10.1007/978-3-031-04961-3_5,Indika KumaraGiovanni QuattrocchiDragan RadoloviÄ‡Kamil TokmakovJesÃºs Ramos RivasWillem-Jan Van Den Heuvel,2022,http://link.springer.com/chapter/10.1007/978-3-031-04961-3_5,Chapter
MSN: A Playground Framework for Design and Evaluation of MicroServices-Based sdN Controller,Journal of Network and Systems Management,,30,1,10.1007/s10922-021-09631-7,Sisay Tadesse ArzoDomenico ScoteceRiccardo BassoliDaniel BarattiniFabrizio GranelliLuca FoschiniFrank H. P. Fitzek,2021,http://link.springer.com/article/10.1007/s10922-021-09631-7,Article
Secondary Pulmonary Tuberculosis Identification Via pseudo-Zernike Moment and Deep Stacked Sparse Autoencoder,Journal of Grid Computing,,20,1,10.1007/s10723-021-09596-6,Shui-Hua WangSuresh Chandra SatapathyQinghua ZhouXin ZhangYu-Dong Zhang,2021,http://link.springer.com/article/10.1007/s10723-021-09596-6,Article
Event-Driven Serverless Pipelines for Video Coding and Quality Metrics,Journal of Grid Computing,,21,2,10.1007/s10723-023-09647-0,Wilmer Moina-RiveraMiguel Garcia-PinedaJose M. ClaverJuan Gutiérrez-Aguado,2023,http://link.springer.com/article/10.1007/s10723-023-09647-0,Article
Network Tomography with Partial Topology Knowledge and Dynamic Routing,Journal of Network and Systems Management,,31,4,10.1007/s10922-023-09763-y,Ippokratis SartzetakisEmmanouel Varvarigos,2023,http://link.springer.com/article/10.1007/s10922-023-09763-y,Article
RHAS: robust hybrid auto-scaling for web applications in cloud computing,Cluster Computing,,24,2,10.1007/s10586-020-03148-5,Parminder SinghAvinash KaurPooja GuptaSukhpal Singh GillKiran Jyoti,2021,http://link.springer.com/article/10.1007/s10586-020-03148-5,Article
Kubernetes as a Standard Container Orchestrator - A Bibliometric Analysis,Journal of Grid Computing,,20,4,10.1007/s10723-022-09629-8,Carmen Carrión,2022,http://link.springer.com/article/10.1007/s10723-022-09629-8,Article
"Edge computing: current trends, research challenges and future directions",Computing,,103,5,10.1007/s00607-020-00896-5,Gonçalo CarvalhoBruno CabralVasco PereiraJorge Bernardino,2021,http://link.springer.com/article/10.1007/s00607-020-00896-5,Article
An Efficient Deep Learning Approach Using Improved Generative Adversarial Networks for Incomplete Information Completion of Self-driving Vehicles,Journal of Grid Computing,,20,3,10.1007/s10723-022-09610-5,Jingzhi TuGang MeiFrancesco Piccialli,2022,http://link.springer.com/article/10.1007/s10723-022-09610-5,Article
Chapter 1: Introduction and Overview,Internet of Things: Concepts and System Design,,,,10.1007/978-3-030-41346-0_1,Milan Milenkovic,2020,http://link.springer.com/chapter/10.1007/978-3-030-41346-0_1,Chapter
Edge Computing and Learning,The Evolution of Pervasive Information Systems,,,,10.1007/978-3-031-18176-4_5,Philippe Lalanda,2023,http://link.springer.com/chapter/10.1007/978-3-031-18176-4_5,Chapter
K-AGRUED: A Container Autoscaling Technique for Cloud-based Web Applications in Kubernetes Using Attention-based GRU Encoder-Decoder,Journal of Grid Computing,,20,4,10.1007/s10723-022-09634-x,Javad DoganiFarshad KhunjushMehdi Seydali,2022,http://link.springer.com/article/10.1007/s10723-022-09634-x,Article
Fog Resource Aware Framework for Task Offloading in IoT Systems,Cooperative and Distributed Intelligent Computation in Fog Computing,,,,10.1007/978-3-031-33920-2_4,Hoa Tran-DangDong-Seong Kim,2023,http://link.springer.com/chapter/10.1007/978-3-031-33920-2_4,Chapter
Federated unsupervised representation learning,Frontiers of Information Technology & Electronic Engineering,,24,8,10.1631/FITEE.2200268,Fengda Zhang 张凤达Kun Kuang 况琨Long Chen 陈隆Zhaoyang You 游兆阳Tao Shen 沈弢Jun Xiao 肖俊Yin Zhang 张寅Chao Wu 吴超Fei Wu 吴飞Yueting Zhuang 庄越挺Xiaolin Li 李晓林,2023,http://link.springer.com/article/10.1631/FITEE.2200268,Article
Improved Model of Greedy Tasks Assignment in Distributed Robotic Systems,Interactive Collaborative Robotics,,,,10.1007/978-3-031-43111-1_28,Anna Klimenko,2023,http://link.springer.com/chapter/10.1007/978-3-031-43111-1_28,Chapter
Distributed and Decentralized Orchestration of Containers on Edge Clouds,Journal of Grid Computing,,19,3,10.1007/s10723-021-09575-x,André PiresJosé SimãoLuís Veiga,2021,http://link.springer.com/article/10.1007/s10723-021-09575-x,Article
Retrofitting Industrial Machines with WebAssembly on the Edge,Web Information Systems Engineering – WISE 2022,,,,10.1007/978-3-031-20891-1_18,Otoya NakakazeIstván KorenFlorian BrillowskiRalf Klamma,2022,http://link.springer.com/chapter/10.1007/978-3-031-20891-1_18,Chapter
Self-organizing Energy-Minimization Placement of QoE-Constrained Services at the Edge,"Economics of Grids, Clouds, Systems, and Services",,,,10.1007/978-3-030-92916-9_11,Matteo MordacchiniLuca FerrucciEmanuele CarliniHanna KavalionakMassimo CoppolaPatrizio Dazzi,2021,http://link.springer.com/chapter/10.1007/978-3-030-92916-9_11,Chapter
Microservices: The Evolution and Extinction of Web Services?,Microservices,,,,10.1007/978-3-030-31646-4_1,Luciano BaresiMartin Garriga,2020,http://link.springer.com/chapter/10.1007/978-3-030-31646-4_1,Chapter
A New Human-Centric Computing Age at Edge,Social Edge Computing,,,,10.1007/978-3-031-26936-3_1,Dong WangDaniel ‘Yue’ Zhang,2023,http://link.springer.com/chapter/10.1007/978-3-031-26936-3_1,Chapter
A Validated Performance Model for Micro-services Placement in Fog Systems,SN Computer Science,,4,4,10.1007/s42979-023-01847-5,Claudia CanaliGiuseppe Di ModicaRiccardo LancellottiStefano RossiDomenico Scotece,2023,http://link.springer.com/article/10.1007/s42979-023-01847-5,Article
Enhanced Bond Energy Algorithm for Vertical Fragmentation of IoT Data in a Fog Environment,"Big-Data-Analytics in Astronomy, Science, and Engineering",,,,10.1007/978-3-030-96600-3_19,Parmeet Kaur,2022,http://link.springer.com/chapter/10.1007/978-3-030-96600-3_19,Chapter
Rigorous Engineering of Collective Adaptive Systems Introduction to the 4th Track Edition,"Leveraging Applications of Formal Methods, Verification and Validation. Adaptation and Learning",,,,10.1007/978-3-031-19759-8_1,Martin WirsingRocco De NicolaStefan Jähnichen,2022,http://link.springer.com/chapter/10.1007/978-3-031-19759-8_1,Chapter
Opportunistic Deployment of Distributed Edge Clouds for Latency-Critical Applications,Journal of Grid Computing,,19,1,10.1007/s10723-021-09545-3,Eduardo HuedoRubén S. MonteroRafael Moreno-VozmedianoConstantino VázquezVlastimil HolerIgnacio M. Llorente,2021,http://link.springer.com/article/10.1007/s10723-021-09545-3,Article
SpecK: Composition of Stream Processing Applications over Fog Environments,Distributed Applications and Interoperable Systems,,,,10.1007/978-3-030-78198-9_3,Davaadorj BattulgaDaniele MiorandiCédric Tedeschi,2021,http://link.springer.com/chapter/10.1007/978-3-030-78198-9_3,Chapter
"A New Blockchain Ecosystem for Trusted, Traceable and Transparent Ontological Knowledge Management","Economics of Grids, Clouds, Systems, and Services",,,,10.1007/978-3-030-92916-9_8,Thanasis G. PapaioannouVlado StankovskiPetar KochovskiAnthony Simonet-BoulogneCaroline BarelleAlberto CiaramellaMarco CiaramellaGeorge D. Stamoulis,2021,http://link.springer.com/chapter/10.1007/978-3-030-92916-9_8,Chapter
Workload Allocation in IoT-Fog-Cloud Architecture Using a Multi-Objective Genetic Algorithm,Journal of Grid Computing,,18,1,10.1007/s10723-020-09507-1,Mahdi AbbasiEhsan Mohammadi PasandMohammad R. Khosravi,2020,http://link.springer.com/article/10.1007/s10723-020-09507-1,Article
State of the Art of Urban Digital Twin Platforms,Extended Reality,,,,10.1007/978-3-031-43401-3_20,Angelo MartellaAmro Issam Hamed Attia RamadanCristian MartellaMauro PatanoAntonella Longo,2023,http://link.springer.com/chapter/10.1007/978-3-031-43401-3_20,Chapter
Dynamic Collaborative Task Offloading in Fog Computing Systems,Cooperative and Distributed Intelligent Computation in Fog Computing,,,,10.1007/978-3-031-33920-2_5,Hoa Tran-DangDong-Seong Kim,2023,http://link.springer.com/chapter/10.1007/978-3-031-33920-2_5,Chapter
Digital Thread in Smart Manufacturing,"Leveraging Applications of Formal Methods, Verification and Validation. Practice",,,,10.1007/978-3-031-19762-8_12,Tiziana MargariaDirk PeschAlan McGibney,2022,http://link.springer.com/chapter/10.1007/978-3-031-19762-8_12,Chapter
Reinforcement Learning-Based Resource Allocation in Fog Networks,Cooperative and Distributed Intelligent Computation in Fog Computing,,,,10.1007/978-3-031-33920-2_9,Hoa Tran-DangDong-Seong Kim,2023,http://link.springer.com/chapter/10.1007/978-3-031-33920-2_9,Chapter
Cloud-Based Urban Mobility Services,Algorithmic Aspects of Cloud Computing,,,,10.1007/978-3-031-33437-5_1,Spyros KontogiannisParaskevi-Maria MachairaAndreas ParaskevopoulosKonstantinos RaftopoulosChristos Zaroliagis,2023,http://link.springer.com/chapter/10.1007/978-3-031-33437-5_1,Chapter
ETHER: Energy- and Cost-Efficient Framework for Seamless Connectivity over the Integrated Terrestrial and Non-terrestrial 6G Networks,Artificial Intelligence  Applications  and Innovations. AIAI 2023 IFIP WG 12.5 International Workshops,,,,10.1007/978-3-031-34171-7_2,Lechosław TomaszewskiRobert KołakowskiAgapi MesodiakakiKonstantinos NtontinAngelos AntonopoulosNikolaos PappasMarco FioreMohammadreza MosahebfardSimon WattsPhilip HarrisChih-Kuang LinAna Rita SantiagoFotis LazarakisSymeon Chatzinotas,2023,http://link.springer.com/chapter/10.1007/978-3-031-34171-7_2,Chapter
Implementing a Blockchain-Based Security System Applied to IoT,"Broadband Communications, Networks, and Systems",,,,10.1007/978-3-030-68737-3_9,Martí Miquel MartínezEva Marín-TorderaXavi Masip-BruinSergio Sánchez-LópezJordi García,2021,http://link.springer.com/chapter/10.1007/978-3-030-68737-3_9,Chapter
Using Dynamic Data-Driven Cyberinfrastructure for Next-Generation Wildland Fire Intelligence,Handbook of Dynamic Data Driven Applications Systems,,,,10.1007/978-3-031-27986-7_17,Ilkay AltintasJessica BlockDaniel L. CrawlRaymond A. de Callafon,2023,http://link.springer.com/chapter/10.1007/978-3-031-27986-7_17,Chapter
Accelerating Scientific Applications with the Quantum Edge: A Drug Design Use Case,High Performance Computing,,,,10.1007/978-3-031-40843-4_11,Vincenzo De MaioIvona Brandic,2023,http://link.springer.com/chapter/10.1007/978-3-031-40843-4_11,Chapter
A Reference Data Model to Specify Event Logs for Big Data Pipeline Discovery,Business Process Management Forum,,,,10.1007/978-3-031-41623-1_3,Dario BenvenutiAndrea MarrellaJacopo RossiNikolay NikolovDumitru RomanAhmet SoyluFernando Perales,2023,http://link.springer.com/chapter/10.1007/978-3-031-41623-1_3,Chapter
The Semantic Web: ESWC 2022 Satellite Events,Lecture Notes in Computer Science,,,,10.1007/978-3-031-11609-4,Paul GrothAnisa RulaJodi SchneiderDr. Ilaria TiddiProf. Elena SimperlPanos AlexopoulosRinke HoekstraDr. Mehwish AlamDr. Anastasia DimouMinna Tamper,2022,http://link.springer.com/book/10.1007/978-3-031-11609-4,Book
Intelligent Information and Database Systems,Lecture Notes in Computer Science,,,,10.1007/978-981-99-5834-4,Ngoc Thanh NguyenSiridech BoonsangHamido FujitaBogumiła HnatkowskaTzung-Pei HongKitsuchart PasupaAli Selamat,2023,http://link.springer.com/book/10.1007/978-981-99-5834-4,Book
Smart Contract for Cross-Border AI Model Management,"Economics of Grids, Clouds, Systems, and Services",,,,10.1007/978-3-030-92916-9_20,Petar KochovskiSeungwoo KumJaewon MoonAleks VujićVlado Stankovski,2021,http://link.springer.com/chapter/10.1007/978-3-030-92916-9_20,Chapter
A Management Architecture for IoT Smart Solutions: Design and Implementation,Journal of Network and Systems Management,,30,2,10.1007/s10922-022-09648-6,Dener SilvaAlexandre HeidekerIvan D. ZyrianoffJoão H. KleinschmidtLuca RoffiaJuha-Pekka SoininenCarlos A. Kamienski,2022,http://link.springer.com/article/10.1007/s10922-022-09648-6,Article
Physical artificial intelligence (PAI): the next-generation artificial intelligence,Frontiers of Information Technology & Electronic Engineering,,24,8,10.1631/FITEE.2200675,Yingbo Li 李颖博Zhao Li 李朝Yucong Duan 段玉聪Anamaria-Beatrice Spulber,2023,http://link.springer.com/article/10.1631/FITEE.2200675,Article
CollabOffloading: A Computational Offloading Methodology Using External Clouds for Limited Private On-Site Edge Servers,Methods and Applications for Modeling and Simulation of Complex Systems,,,,10.1007/978-981-19-6857-0_5,Junhee LeeJaeho JeonSungjoo Kang,2022,http://link.springer.com/chapter/10.1007/978-981-19-6857-0_5,Chapter
Dynamic Data-Driven Application Systems for Reservoir Simulation-Based Optimization: Lessons Learned and Future Trends,Handbook of Dynamic Data Driven Applications Systems,,,,10.1007/978-3-031-27986-7_11,M. ParasharTahsin KurcH. KlieM. F. WheelerJoel H. SaltzM. JammoulR. Dong,2023,http://link.springer.com/chapter/10.1007/978-3-031-27986-7_11,Chapter
The Elements of Big Data Value,,,,,10.1007/978-3-030-68176-0,Edward CurryDr. Andreas MetzgerProf. Sonja ZillnerDr. Jean-Christophe PazzagliaAna García Robles,2021,http://link.springer.com/book/10.1007/978-3-030-68176-0,Book
"Heterogeneous Data Management, Polystores, and Analytics for Healthcare",Lecture Notes in Computer Science,,,,10.1007/978-3-031-23905-2,El Kindi RezigVijay GadepallyTimothy MattsonMichael StonebrakerTim KraskaJun KongGang LuoDejun TengFusheng Wang,2022,http://link.springer.com/book/10.1007/978-3-031-23905-2,Book
Edge Computing – EDGE 2022,Lecture Notes in Computer Science,,,,10.1007/978-3-031-23470-5,Min LuoLiang-Jie Zhang,2022,http://link.springer.com/book/10.1007/978-3-031-23470-5,Book
Recent Challenges in Intelligent Information and Database Systems,Communications in Computer and Information Science,,,,10.1007/978-3-031-42430-4,Ngoc Thanh NguyenSiridech BoonsangHamido FujitaBogumiła HnatkowskaTzung-Pei HongKitsuchart PasupaAli Selamat,2023,http://link.springer.com/book/10.1007/978-3-031-42430-4,Book
Human-Computer Interaction. Theoretical Approaches and Design Methods,Lecture Notes in Computer Science,,,,10.1007/978-3-031-05311-5,Masaaki Kurosu,2022,http://link.springer.com/book/10.1007/978-3-031-05311-5,Book
The History of the GPU - Eras and Environment,,,,,10.1007/978-3-031-13581-1,Jon Peddie,2022,http://link.springer.com/book/10.1007/978-3-031-13581-1,Book
Hybrid Artificial Intelligent Systems,Lecture Notes in Computer Science,,,,10.1007/978-3-031-15471-3,Pablo García BringasHilde Pérez GarcíaFrancisco Javier Martínez de PisónJosé Ramón Villar FlechaAlicia Troncoso LoraEnrique A. de la CalÁlvaro HerreroFrancisco Martínez ÁlvarezGiuseppe PsailaHéctor QuintiánEmilio Corchado,2022,http://link.springer.com/book/10.1007/978-3-031-15471-3,Book
The Semantic Web – ISWC 2023,Lecture Notes in Computer Science,,,,10.1007/978-3-031-47243-5,Terry R. PayneValentina PresuttiGuilin QiMaría Poveda-VillalónGiorgos StoilosLaura HollinkZoi KaoudiGong ChengJuanzi Li,2023,http://link.springer.com/book/10.1007/978-3-031-47243-5,Book
Computational Science – ICCS 2023,Lecture Notes in Computer Science,,,,10.1007/978-3-031-36024-4,Jiří MikyškaClélia de MulatierMaciej PaszynskiValeria V. KrzhizhanovskayaJack J. DongarraPeter M.A. Sloot,2023,http://link.springer.com/book/10.1007/978-3-031-36024-4,Book
"Machine Learning, Optimization, and Data Science",Lecture Notes in Computer Science,,,,10.1007/978-3-031-25599-1,Giuseppe NicosiaVarun OjhaEmanuele La MalfaGabriele La MalfaPanos PardalosGiuseppe Di FattaGiovanni GiuffridaRenato Umeton,2023,http://link.springer.com/book/10.1007/978-3-031-25599-1,Book
Advanced Information Systems Engineering,Lecture Notes in Computer Science,,,,10.1007/978-3-031-34560-9,Marta IndulskaIris Reinhartz-BergerCarlos CetinaOscar Pastor,2023,http://link.springer.com/book/10.1007/978-3-031-34560-9,Book
Dimensions of Trust in Cyber Physical Systems,Simulation for Cyber-Physical Systems Engineering,,,,10.1007/978-3-030-51909-4_16,Margaret L. Loper,2020,http://link.springer.com/chapter/10.1007/978-3-030-51909-4_16,Chapter
Big Data-Driven Industry 4.0 Service Engineering Large-Scale Trials: The Boost 4.0 Experience,Technologies and Applications for Big Data Value,,,,10.1007/978-3-030-78307-5_17,Oscar LázaroJesús AlonsoPaulo FigueirasRuben CostaDiogo GraçaGisela GarciaAlessandro CanepaCaterina CalefatoMarco ValliniFabiana FournierNathan HazoutInna SkarbovskyAthanasios PoulakidasKonstantinos Sipsas,2022,http://link.springer.com/chapter/10.1007/978-3-030-78307-5_17,Chapter
Big Data and AI Pipeline Framework: Technology Analysis from a Benchmarking Perspective,Technologies and Applications for Big Data Value,,,,10.1007/978-3-030-78307-5_4,Arne J. BerreAphrodite TsalgatidouChiara FrancalanciTodor IvanovTomas Pariente-LoboRicardo Ruiz-SaizInna NovalijaMarko Grobelnik,2022,http://link.springer.com/chapter/10.1007/978-3-030-78307-5_4,Chapter
OpenIaC: open infrastructure as code - the network is my computer,Journal of Cloud Computing,,11,1,10.1186/s13677-022-00285-7,Chunming RongJiahui GengThomas J. HackerHaakon BryhniMartin G. Jaatun,2022,http://link.springer.com/article/10.1186/s13677-022-00285-7,Article
Optimizing the Cost-Performance Ratio of FaaS Deployments,Service-Oriented and Cloud Computing,,,,10.1007/978-3-031-46235-1_18,Richard PatschKarl Michael Göschka,2023,http://link.springer.com/chapter/10.1007/978-3-031-46235-1_18,Chapter
Deploying Fog-to-Cloud Towards a Security Architecture for Critical Infrastructure Scenarios,Computer Security,,,,10.1007/978-3-030-42051-2_3,Sarang KahvazadehXavi Masip-BruinPau MarcerEva Marín-Tordera,2020,http://link.springer.com/chapter/10.1007/978-3-030-42051-2_3,Chapter
Future Lies with Edge Computing,Edge Computing – EDGE 2022,,,,10.1007/978-3-031-23470-5_7,Min Luo,2022,http://link.springer.com/chapter/10.1007/978-3-031-23470-5_7,Chapter
An optimized environment-adaptive computation offloading strategy for real-time cross-camera task in edge computing networks,Multimedia Tools and Applications,,,,10.1007/s11042-023-16102-5,Peng YangSiming JiangMeng YiBing LiYuankang SunRuochen Ma,2023,http://link.springer.com/article/10.1007/s11042-023-16102-5,Article
Context-Aware Digital Twins to Support Software Management at the Edge,Research Challenges in Information Science: Information Science and the Connected World,,,,10.1007/978-3-031-33080-3_15,Rustem DautovHui Song,2023,http://link.springer.com/chapter/10.1007/978-3-031-33080-3_15,Chapter
RISC-V Processor Technologies for Aerospace Applications in the ISOLDE Project,"Embedded Computer Systems: Architectures, Modeling, and Simulation",,,,10.1007/978-3-031-46077-7_24,William FornaciariFederico ReghenzaniGiovanni AgostaDavide ZoniAndrea GalimbertiFrancesco ContiYvan TortorellaEmanuele ParisiFrancesco BarchiAndrea BartoliniAndrea AcquavivaDaniele GregoriSalvatore CognettaCarlo CiancarelliAntonio LeboffePaolo Serri,2023,http://link.springer.com/chapter/10.1007/978-3-031-46077-7_24,Chapter
Modeling Context-Aware Events and Responses in an IoT Environment,Advanced Information Systems Engineering,,,,10.1007/978-3-031-34560-9_5,Marc VilaMaria-Ribera SanchoErnest Teniente,2023,http://link.springer.com/chapter/10.1007/978-3-031-34560-9_5,Chapter
Chapter 4: Cloud,Internet of Things: Concepts and System Design,,,,10.1007/978-3-030-41346-0_4,Milan Milenkovic,2020,http://link.springer.com/chapter/10.1007/978-3-030-41346-0_4,Chapter
The GPU Environment—Hardware,The History of the GPU - Eras and Environment,,,,10.1007/978-3-031-13581-1_5,Jon Peddie,2022,http://link.springer.com/chapter/10.1007/978-3-031-13581-1_5,Chapter
Analysis and Improvement of Heterogeneous Hardware Support in Docker Images,Distributed Applications and Interoperable Systems,,,,10.1007/978-3-030-78198-9_9,Panagiotis GkikopoulosValerio SchiavoniJosef Spillner,2021,http://link.springer.com/chapter/10.1007/978-3-030-78198-9_9,Chapter
DISTiL: DIStributed Industrial Computing Environment for Trustworthy DigiTaL Workflows: A Design Perspective,"Leveraging Applications of Formal Methods, Verification and Validation. Practice",,,,10.1007/978-3-031-19762-8_16,Alan McGibneySourabh Bharti,2022,http://link.springer.com/chapter/10.1007/978-3-031-19762-8_16,Chapter
Enabling Real-World Medicine with Data Lake Federation: A Research Perspective,"Heterogeneous Data Management, Polystores, and Analytics for Healthcare",,,,10.1007/978-3-031-23905-2_4,Cinzia CappielloMarco GribaudoPierluigi PlebaniMattia SalnitriLetizia Tanca,2022,http://link.springer.com/chapter/10.1007/978-3-031-23905-2_4,Chapter
Code Vectorization and Sequence of Accesses Strategies for Monolith Microservices Identification,Web Engineering,,,,10.1007/978-3-031-34444-2_2,Vasco FariaAntónio Rito Silva,2023,http://link.springer.com/chapter/10.1007/978-3-031-34444-2_2,Chapter
DCM: Dynamic Client-Server Code Migration,Web Engineering,,,,10.1007/978-3-031-34444-2_1,Sebastian HeilMartin Gaedke,2023,http://link.springer.com/chapter/10.1007/978-3-031-34444-2_1,Chapter
HYAS: Hybrid Autoscaler Agent for Apache Flink,Web Engineering,,,,10.1007/978-3-031-34444-2_3,Alexandros Nikolaos ZafeirakopoulosEuripides G. M. Petrakis,2023,http://link.springer.com/chapter/10.1007/978-3-031-34444-2_3,Chapter
On the Utility and Protection of Optimization with Differential Privacy and Classic Regularization Techniques,"Machine Learning, Optimization, and Data Science",,,,10.1007/978-3-031-25599-1_17,Eugenio LomurnoMatteo Matteucci,2023,http://link.springer.com/chapter/10.1007/978-3-031-25599-1_17,Chapter
Tell Me What that Means to You: Small-Story Narratives in Technology Adoption,Human-Computer Interaction. Theoretical Approaches and Design Methods,,,,10.1007/978-3-031-05311-5_19,Brian PickeringStephen C. PhillipsMike Surridge,2022,http://link.springer.com/chapter/10.1007/978-3-031-05311-5_19,Chapter
Smash: A Compression Benchmark with AI Datasets from Remote GPU Virtualization Systems,Hybrid Artificial Intelligent Systems,,,,10.1007/978-3-031-15471-3_21,Cristian PeñarandaCarlos ReañoFederico Silla,2022,http://link.springer.com/chapter/10.1007/978-3-031-15471-3_21,Chapter
